{
    "Sigmoid": {
        "train_loss": [
            1.2568494944430109,
            0.6604005980974575,
            0.5169170719664743,
            0.43565488763963744,
            0.386642321022843,
            0.3534621910881132,
            0.3309970561152836,
            0.3137358371922965,
            0.2995095392629536,
            0.2883094214458964
        ],
        "val_acc": [
            77.55,
            80.25,
            83.7,
            85.34,
            86.0,
            86.07,
            86.46,
            86.94,
            86.76,
            87.34
        ],
        "final_loss": 0.2883094214458964,
        "final_acc": 87.34,
        "best_acc": 87.34,
        "best_epoch": 10
    },
    "Tanh": {
        "train_loss": [
            0.7613338320367118,
            0.43307692406655374,
            0.38341133051843784,
            0.3569065842833092,
            0.34164742389117986,
            0.32328160034059716,
            0.312836138027182,
            0.30520559300873074,
            0.293588470079815,
            0.28536011717085646
        ],
        "val_acc": [
            82.98,
            85.04,
            85.17,
            85.99,
            86.58,
            86.32,
            85.63,
            86.42,
            87.11,
            86.21
        ],
        "final_loss": 0.28536011717085646,
        "final_acc": 86.21,
        "best_acc": 87.11,
        "best_epoch": 9
    },
    "ReLU": {
        "train_loss": [
            0.5887741465876097,
            0.4002216678184233,
            0.3617515193501007,
            0.33733142011646017,
            0.31692506568327644,
            0.3029927791022797,
            0.288967802310422,
            0.27908015866746017,
            0.26820676736454213,
            0.2597766506360538
        ],
        "val_acc": [
            83.97,
            85.33,
            85.69,
            86.42,
            86.9,
            87.39,
            86.77,
            87.45,
            87.47,
            87.73
        ],
        "final_loss": 0.2597766506360538,
        "final_acc": 87.73,
        "best_acc": 87.73,
        "best_epoch": 10
    },
    "Leaky ReLU": {
        "train_loss": [
            0.5744466388594113,
            0.4048393600181476,
            0.35986704270500364,
            0.33385960807773607,
            0.3129730252727771,
            0.29341148638299536,
            0.28503447309581204,
            0.27013895234891344,
            0.26047668380460254,
            0.25107438143874916
        ],
        "val_acc": [
            83.49,
            83.5,
            85.1,
            85.88,
            86.88,
            87.29,
            86.62,
            87.24,
            86.89,
            87.68
        ],
        "final_loss": 0.25107438143874916,
        "final_acc": 87.68,
        "best_acc": 87.68,
        "best_epoch": 10
    },
    "ELU": {
        "train_loss": [
            0.5541922061332761,
            0.402494076822104,
            0.36017993715272023,
            0.33572153214103123,
            0.3158679181086356,
            0.29944260810007417,
            0.2865977797553992,
            0.2741974709090838,
            0.2638323546480586,
            0.2545447590778758
        ],
        "val_acc": [
            82.11,
            84.87,
            86.09,
            86.4,
            86.91,
            87.1,
            87.44,
            86.55,
            87.57,
            87.67
        ],
        "final_loss": 0.2545447590778758,
        "final_acc": 87.67,
        "best_acc": 87.67,
        "best_epoch": 10
    },
    "PReLU": {
        "train_loss": [
            0.5696538031927304,
            0.418844117030406,
            0.376579861603439,
            0.34871694763332034,
            0.32721955461828695,
            0.3079789825387474,
            0.29388655021564286,
            0.2838790096612627,
            0.2705886866817914,
            0.25941800755033617
        ],
        "val_acc": [
            82.66,
            84.19,
            85.54,
            85.68,
            86.06,
            86.82,
            86.97,
            87.31,
            87.04,
            87.75
        ],
        "final_loss": 0.25941800755033617,
        "final_acc": 87.75,
        "best_acc": 87.75,
        "best_epoch": 10
    },
    "SELU": {
        "train_loss": [
            0.5428931185050305,
            0.40504545017854493,
            0.36272510195147,
            0.3391510637075916,
            0.3175868806300133,
            0.30363663731575774,
            0.29310763152296354,
            0.2794689215592611,
            0.2698872280654623,
            0.25872220734416296
        ],
        "val_acc": [
            83.46,
            84.34,
            85.88,
            86.54,
            86.14,
            85.9,
            87.19,
            88.22,
            86.95,
            87.92
        ],
        "final_loss": 0.25872220734416296,
        "final_acc": 87.92,
        "best_acc": 88.22,
        "best_epoch": 8
    },
    "GELU": {
        "train_loss": [
            0.5684549538438508,
            0.3881302523269836,
            0.34950667452106854,
            0.32533958097542526,
            0.3082470463068564,
            0.292790068484255,
            0.27870628827892896,
            0.26785489848491223,
            0.2569121551999787,
            0.24600788529938472
        ],
        "val_acc": [
            84.09,
            85.89,
            85.95,
            85.82,
            86.77,
            87.47,
            87.42,
            86.87,
            87.8,
            87.82
        ],
        "final_loss": 0.24600788529938472,
        "final_acc": 87.82,
        "best_acc": 87.82,
        "best_epoch": 10
    },
    "SiLU": {
        "train_loss": [
            0.5470527932206705,
            0.3785053545446284,
            0.3374529904616413,
            0.31511503618472675,
            0.2954149837178716,
            0.28005666174550553,
            0.2669120384161788,
            0.2549586915162835,
            0.24467636795758185,
            0.23611201127089543
        ],
        "val_acc": [
            83.94,
            85.67,
            86.27,
            86.54,
            87.56,
            87.51,
            87.26,
            87.88,
            87.87,
            88.58
        ],
        "final_loss": 0.23611201127089543,
        "final_acc": 88.58,
        "best_acc": 88.58,
        "best_epoch": 10
    },
    "Mish": {
        "train_loss": [
            0.5772492413772449,
            0.38835265177653544,
            0.34625020821783337,
            0.32139336003232866,
            0.3047317557974156,
            0.2862996335731132,
            0.2750826706049412,
            0.2633448910992791,
            0.2507336169862544,
            0.24342560166044275
        ],
        "val_acc": [
            83.72,
            84.15,
            84.87,
            87.06,
            86.92,
            87.5,
            86.87,
            87.43,
            88.03,
            88.04
        ],
        "final_loss": 0.24342560166044275,
        "final_acc": 88.04,
        "best_acc": 88.04,
        "best_epoch": 10
    },
    "Softplus": {
        "train_loss": [
            0.5966323038725965,
            0.40638715999403485,
            0.36579075274564055,
            0.34090068792578765,
            0.3199975707971338,
            0.30353972500861326,
            0.28937760170207605,
            0.2770634185371877,
            0.264043557999739,
            0.255257033820409
        ],
        "val_acc": [
            83.03,
            85.37,
            85.96,
            86.37,
            86.72,
            86.94,
            87.83,
            87.28,
            87.93,
            88.0
        ],
        "final_loss": 0.255257033820409,
        "final_acc": 88.0,
        "best_acc": 88.0,
        "best_epoch": 10
    },